{
    "anchorX": 1415,
    "anchorY": 1612,
    "angleEditingEnabled": true,
    "currentScale": 138.5196110032332,
    "displayName": "Кастомная фигура",
    "fillColor": "#00000000",
    "isIsoscelesTrapezoid": false,
    "relVerts": [
        {
            "x": -69.80732219898937,
            "y": -55.60417240825586
        },
        {
            "x": 68.4298260312055,
            "y": -55.60417240825586
        },
        {
            "x": -0.688748083892051,
            "y": 64.602449416843
        },
        {
            "x": -47.96863733451528,
            "y": -65.8293774152994
        }
    ],
    "sideColors": [
        "#ff000000",
        "#ff000000",
        "#ff000000",
        "#ff000000"
    ],
    "sideWidths": [
        3,
        3,
        14,
        14
    ],
    "trapezoidMode": false,
    "type": "Polygon"
}
